filename,fault_type,seed,n_steps,fault_params
sensor_dropout/sensor_dropout_0000.csv,sensor_dropout,342,197,"[{""onset"": 96, ""channel"": ""angle""}]"
sensor_dropout/sensor_dropout_0001.csv,sensor_dropout,343,323,"[{""onset"": 115, ""channel"": ""x_pos""}]"
sensor_dropout/sensor_dropout_0002.csv,sensor_dropout,344,168,"[{""onset"": 106, ""channel"": ""y_pos""}]"
sensor_dropout/sensor_dropout_0003.csv,sensor_dropout,345,243,"[{""onset"": 101, ""channel"": ""y_pos""}]"
sensor_dropout/sensor_dropout_0004.csv,sensor_dropout,346,536,"[{""onset"": 60, ""channel"": ""y_vel""}]"
sensor_dropout/sensor_dropout_0005.csv,sensor_dropout,347,164,"[{""onset"": 65, ""channel"": ""angle""}]"
sensor_dropout/sensor_dropout_0006.csv,sensor_dropout,348,108,"[{""onset"": 58, ""channel"": ""y_pos""}]"
sensor_dropout/sensor_dropout_0007.csv,sensor_dropout,349,558,"[{""onset"": 72, ""channel"": ""angle""}]"
sensor_dropout/sensor_dropout_0008.csv,sensor_dropout,350,93,"[{""onset"": 126, ""channel"": ""x_vel""}]"
sensor_dropout/sensor_dropout_0009.csv,sensor_dropout,351,158,"[{""onset"": 101, ""channel"": ""y_vel""}]"
sensor_dropout/sensor_dropout_0010.csv,sensor_dropout,352,112,"[{""onset"": 64, ""channel"": ""y_pos""}]"
sensor_dropout/sensor_dropout_0011.csv,sensor_dropout,353,1000,"[{""onset"": 115, ""channel"": ""x_pos""}]"
sensor_dropout/sensor_dropout_0012.csv,sensor_dropout,354,165,"[{""onset"": 98, ""channel"": ""angle""}]"
sensor_dropout/sensor_dropout_0013.csv,sensor_dropout,355,210,"[{""onset"": 57, ""channel"": ""x_vel""}]"
sensor_dropout/sensor_dropout_0014.csv,sensor_dropout,356,164,"[{""onset"": 64, ""channel"": ""x_pos""}]"
sensor_dropout/sensor_dropout_0015.csv,sensor_dropout,357,425,"[{""onset"": 65, ""channel"": ""y_vel""}]"
sensor_dropout/sensor_dropout_0016.csv,sensor_dropout,358,274,"[{""onset"": 97, ""channel"": ""angle""}]"
sensor_dropout/sensor_dropout_0017.csv,sensor_dropout,359,281,"[{""onset"": 81, ""channel"": ""x_vel""}]"
sensor_dropout/sensor_dropout_0018.csv,sensor_dropout,360,119,"[{""onset"": 129, ""channel"": ""angular_vel""}]"
sensor_dropout/sensor_dropout_0019.csv,sensor_dropout,361,98,"[{""onset"": 75, ""channel"": ""angle""}]"
sensor_dropout/sensor_dropout_0020.csv,sensor_dropout,362,182,"[{""onset"": 51, ""channel"": ""angle""}]"
sensor_dropout/sensor_dropout_0021.csv,sensor_dropout,363,94,"[{""onset"": 132, ""channel"": ""x_pos""}]"
sensor_dropout/sensor_dropout_0022.csv,sensor_dropout,364,99,"[{""onset"": 42, ""channel"": ""y_vel""}]"
sensor_dropout/sensor_dropout_0023.csv,sensor_dropout,365,393,"[{""onset"": 112, ""channel"": ""x_pos""}]"
sensor_dropout/sensor_dropout_0024.csv,sensor_dropout,366,399,"[{""onset"": 51, ""channel"": ""x_pos""}]"
sensor_dropout/sensor_dropout_0025.csv,sensor_dropout,367,332,"[{""onset"": 74, ""channel"": ""angle""}]"
sensor_dropout/sensor_dropout_0026.csv,sensor_dropout,368,91,"[{""onset"": 69, ""channel"": ""angular_vel""}]"
sensor_dropout/sensor_dropout_0027.csv,sensor_dropout,369,69,"[{""onset"": 116, ""channel"": ""angle""}]"
sensor_dropout/sensor_dropout_0028.csv,sensor_dropout,370,82,"[{""onset"": 120, ""channel"": ""x_vel""}]"
sensor_dropout/sensor_dropout_0029.csv,sensor_dropout,371,175,"[{""onset"": 69, ""channel"": ""angular_vel""}]"
sensor_dropout/sensor_dropout_0030.csv,sensor_dropout,372,226,"[{""onset"": 107, ""channel"": ""y_vel""}]"
sensor_dropout/sensor_dropout_0031.csv,sensor_dropout,373,77,"[{""onset"": 131, ""channel"": ""y_vel""}]"
sensor_dropout/sensor_dropout_0032.csv,sensor_dropout,374,87,"[{""onset"": 49, ""channel"": ""angle""}]"
sensor_dropout/sensor_dropout_0033.csv,sensor_dropout,375,195,"[{""onset"": 130, ""channel"": ""y_pos""}]"
sensor_dropout/sensor_dropout_0034.csv,sensor_dropout,376,176,"[{""onset"": 84, ""channel"": ""x_vel""}]"
sensor_dropout/sensor_dropout_0035.csv,sensor_dropout,377,711,"[{""onset"": 68, ""channel"": ""angle""}]"
sensor_dropout/sensor_dropout_0036.csv,sensor_dropout,378,203,"[{""onset"": 93, ""channel"": ""y_vel""}]"
sensor_dropout/sensor_dropout_0037.csv,sensor_dropout,379,94,"[{""onset"": 98, ""channel"": ""angle""}]"
sensor_dropout/sensor_dropout_0038.csv,sensor_dropout,380,93,"[{""onset"": 58, ""channel"": ""y_vel""}]"
sensor_dropout/sensor_dropout_0039.csv,sensor_dropout,381,240,"[{""onset"": 117, ""channel"": ""angle""}]"
sensor_dropout/sensor_dropout_0040.csv,sensor_dropout,382,435,"[{""onset"": 63, ""channel"": ""x_pos""}]"
sensor_dropout/sensor_dropout_0041.csv,sensor_dropout,383,84,"[{""onset"": 40, ""channel"": ""y_pos""}]"
sensor_dropout/sensor_dropout_0042.csv,sensor_dropout,384,92,"[{""onset"": 81, ""channel"": ""y_pos""}]"
sensor_dropout/sensor_dropout_0043.csv,sensor_dropout,385,332,"[{""onset"": 69, ""channel"": ""angular_vel""}]"
sensor_dropout/sensor_dropout_0044.csv,sensor_dropout,386,189,"[{""onset"": 60, ""channel"": ""x_vel""}]"
sensor_dropout/sensor_dropout_0045.csv,sensor_dropout,387,338,"[{""onset"": 72, ""channel"": ""x_vel""}]"
sensor_dropout/sensor_dropout_0046.csv,sensor_dropout,388,85,"[{""onset"": 56, ""channel"": ""x_vel""}]"
sensor_dropout/sensor_dropout_0047.csv,sensor_dropout,389,80,"[{""onset"": 37, ""channel"": ""y_pos""}]"
sensor_dropout/sensor_dropout_0048.csv,sensor_dropout,390,97,"[{""onset"": 100, ""channel"": ""y_vel""}]"
sensor_dropout/sensor_dropout_0049.csv,sensor_dropout,391,92,"[{""onset"": 37, ""channel"": ""y_pos""}]"
thrust_degradation/thrust_degradation_0000.csv,thrust_degradation,392,76,"[{""onset"": 128, ""severity"": 0.5103}]"
thrust_degradation/thrust_degradation_0001.csv,thrust_degradation,393,95,"[{""onset"": 105, ""severity"": 0.4416}]"
thrust_degradation/thrust_degradation_0002.csv,thrust_degradation,394,82,"[{""onset"": 64, ""severity"": 0.3351}]"
thrust_degradation/thrust_degradation_0003.csv,thrust_degradation,395,98,"[{""onset"": 82, ""severity"": 0.6228}]"
thrust_degradation/thrust_degradation_0004.csv,thrust_degradation,396,121,"[{""onset"": 100, ""severity"": 0.4055}]"
thrust_degradation/thrust_degradation_0005.csv,thrust_degradation,397,179,"[{""onset"": 128, ""severity"": 0.6967}]"
thrust_degradation/thrust_degradation_0006.csv,thrust_degradation,398,190,"[{""onset"": 128, ""severity"": 0.5319}]"
thrust_degradation/thrust_degradation_0007.csv,thrust_degradation,399,181,"[{""onset"": 133, ""severity"": 0.6555}]"
thrust_degradation/thrust_degradation_0008.csv,thrust_degradation,400,77,"[{""onset"": 116, ""severity"": 0.6059}]"
thrust_degradation/thrust_degradation_0009.csv,thrust_degradation,401,116,"[{""onset"": 79, ""severity"": 0.4923}]"
thrust_degradation/thrust_degradation_0010.csv,thrust_degradation,402,137,"[{""onset"": 109, ""severity"": 0.7344}]"
thrust_degradation/thrust_degradation_0011.csv,thrust_degradation,403,105,"[{""onset"": 103, ""severity"": 0.7687}]"
thrust_degradation/thrust_degradation_0012.csv,thrust_degradation,404,95,"[{""onset"": 129, ""severity"": 0.5262}]"
thrust_degradation/thrust_degradation_0013.csv,thrust_degradation,405,104,"[{""onset"": 71, ""severity"": 0.4022}]"
thrust_degradation/thrust_degradation_0014.csv,thrust_degradation,406,174,"[{""onset"": 118, ""severity"": 0.3392}]"
thrust_degradation/thrust_degradation_0015.csv,thrust_degradation,407,94,"[{""onset"": 55, ""severity"": 0.4282}]"
thrust_degradation/thrust_degradation_0016.csv,thrust_degradation,408,75,"[{""onset"": 72, ""severity"": 0.4069}]"
thrust_degradation/thrust_degradation_0017.csv,thrust_degradation,409,83,"[{""onset"": 50, ""severity"": 0.4773}]"
thrust_degradation/thrust_degradation_0018.csv,thrust_degradation,410,76,"[{""onset"": 73, ""severity"": 0.7396}]"
thrust_degradation/thrust_degradation_0019.csv,thrust_degradation,411,87,"[{""onset"": 58, ""severity"": 0.7502}]"
thrust_degradation/thrust_degradation_0020.csv,thrust_degradation,412,260,"[{""onset"": 123, ""severity"": 0.5501}]"
thrust_degradation/thrust_degradation_0021.csv,thrust_degradation,413,106,"[{""onset"": 64, ""severity"": 0.5431}]"
thrust_degradation/thrust_degradation_0022.csv,thrust_degradation,414,166,"[{""onset"": 135, ""severity"": 0.5739}]"
thrust_degradation/thrust_degradation_0023.csv,thrust_degradation,415,70,"[{""onset"": 72, ""severity"": 0.6656}]"
thrust_degradation/thrust_degradation_0024.csv,thrust_degradation,416,90,"[{""onset"": 100, ""severity"": 0.5442}]"
thrust_degradation/thrust_degradation_0025.csv,thrust_degradation,417,109,"[{""onset"": 54, ""severity"": 0.5153}]"
thrust_degradation/thrust_degradation_0026.csv,thrust_degradation,418,110,"[{""onset"": 90, ""severity"": 0.7948}]"
thrust_degradation/thrust_degradation_0027.csv,thrust_degradation,419,80,"[{""onset"": 114, ""severity"": 0.6906}]"
thrust_degradation/thrust_degradation_0028.csv,thrust_degradation,420,116,"[{""onset"": 98, ""severity"": 0.7724}]"
thrust_degradation/thrust_degradation_0029.csv,thrust_degradation,421,98,"[{""onset"": 51, ""severity"": 0.4018}]"
thrust_degradation/thrust_degradation_0030.csv,thrust_degradation,422,82,"[{""onset"": 62, ""severity"": 0.6438}]"
thrust_degradation/thrust_degradation_0031.csv,thrust_degradation,423,80,"[{""onset"": 88, ""severity"": 0.5735}]"
thrust_degradation/thrust_degradation_0032.csv,thrust_degradation,424,108,"[{""onset"": 68, ""severity"": 0.4271}]"
thrust_degradation/thrust_degradation_0033.csv,thrust_degradation,425,115,"[{""onset"": 58, ""severity"": 0.3885}]"
thrust_degradation/thrust_degradation_0034.csv,thrust_degradation,426,90,"[{""onset"": 44, ""severity"": 0.38}]"
thrust_degradation/thrust_degradation_0035.csv,thrust_degradation,427,84,"[{""onset"": 136, ""severity"": 0.7819}]"
thrust_degradation/thrust_degradation_0036.csv,thrust_degradation,428,81,"[{""onset"": 64, ""severity"": 0.5996}]"
thrust_degradation/thrust_degradation_0037.csv,thrust_degradation,429,91,"[{""onset"": 46, ""severity"": 0.3217}]"
thrust_degradation/thrust_degradation_0038.csv,thrust_degradation,430,90,"[{""onset"": 48, ""severity"": 0.6569}]"
thrust_degradation/thrust_degradation_0039.csv,thrust_degradation,431,142,"[{""onset"": 114, ""severity"": 0.7193}]"
thrust_degradation/thrust_degradation_0040.csv,thrust_degradation,432,219,"[{""onset"": 112, ""severity"": 0.5947}]"
thrust_degradation/thrust_degradation_0041.csv,thrust_degradation,433,95,"[{""onset"": 64, ""severity"": 0.5998}]"
thrust_degradation/thrust_degradation_0042.csv,thrust_degradation,434,103,"[{""onset"": 125, ""severity"": 0.6349}]"
thrust_degradation/thrust_degradation_0043.csv,thrust_degradation,435,150,"[{""onset"": 103, ""severity"": 0.5028}]"
thrust_degradation/thrust_degradation_0044.csv,thrust_degradation,436,277,"[{""onset"": 118, ""severity"": 0.5137}]"
thrust_degradation/thrust_degradation_0045.csv,thrust_degradation,437,106,"[{""onset"": 94, ""severity"": 0.6941}]"
thrust_degradation/thrust_degradation_0046.csv,thrust_degradation,438,224,"[{""onset"": 129, ""severity"": 0.6425}]"
thrust_degradation/thrust_degradation_0047.csv,thrust_degradation,439,94,"[{""onset"": 82, ""severity"": 0.5778}]"
thrust_degradation/thrust_degradation_0048.csv,thrust_degradation,440,113,"[{""onset"": 50, ""severity"": 0.3325}]"
thrust_degradation/thrust_degradation_0049.csv,thrust_degradation,441,122,"[{""onset"": 96, ""severity"": 0.5741}]"
filter_misclassification/filter_misclassification_0000.csv,filter_misclassification,442,242,"[{""onset"": 79, ""channel"": ""y_pos"", ""rejection_threshold"": 0.0696}]"
filter_misclassification/filter_misclassification_0001.csv,filter_misclassification,443,214,"[{""onset"": 43, ""channel"": ""x_pos"", ""rejection_threshold"": 0.0521}]"
filter_misclassification/filter_misclassification_0002.csv,filter_misclassification,444,183,"[{""onset"": 119, ""channel"": ""y_pos"", ""rejection_threshold"": 0.0357}]"
filter_misclassification/filter_misclassification_0003.csv,filter_misclassification,445,187,"[{""onset"": 89, ""channel"": ""x_pos"", ""rejection_threshold"": 0.0311}]"
filter_misclassification/filter_misclassification_0004.csv,filter_misclassification,446,82,"[{""onset"": 109, ""channel"": ""x_pos"", ""rejection_threshold"": 0.0668}]"
filter_misclassification/filter_misclassification_0005.csv,filter_misclassification,447,113,"[{""onset"": 100, ""channel"": ""x_pos"", ""rejection_threshold"": 0.0639}]"
filter_misclassification/filter_misclassification_0006.csv,filter_misclassification,448,291,"[{""onset"": 40, ""channel"": ""y_pos"", ""rejection_threshold"": 0.0355}]"
filter_misclassification/filter_misclassification_0007.csv,filter_misclassification,449,76,"[{""onset"": 125, ""channel"": ""y_pos"", ""rejection_threshold"": 0.0384}]"
filter_misclassification/filter_misclassification_0008.csv,filter_misclassification,450,184,"[{""onset"": 86, ""channel"": ""x_pos"", ""rejection_threshold"": 0.0322}]"
filter_misclassification/filter_misclassification_0009.csv,filter_misclassification,451,146,"[{""onset"": 77, ""channel"": ""y_pos"", ""rejection_threshold"": 0.0395}]"
filter_misclassification/filter_misclassification_0010.csv,filter_misclassification,452,254,"[{""onset"": 132, ""channel"": ""y_pos"", ""rejection_threshold"": 0.0317}]"
filter_misclassification/filter_misclassification_0011.csv,filter_misclassification,453,189,"[{""onset"": 55, ""channel"": ""y_pos"", ""rejection_threshold"": 0.0524}]"
filter_misclassification/filter_misclassification_0012.csv,filter_misclassification,454,103,"[{""onset"": 48, ""channel"": ""x_pos"", ""rejection_threshold"": 0.0547}]"
filter_misclassification/filter_misclassification_0013.csv,filter_misclassification,455,94,"[{""onset"": 77, ""channel"": ""y_pos"", ""rejection_threshold"": 0.0799}]"
filter_misclassification/filter_misclassification_0014.csv,filter_misclassification,456,170,"[{""onset"": 83, ""channel"": ""x_pos"", ""rejection_threshold"": 0.0524}]"
filter_misclassification/filter_misclassification_0015.csv,filter_misclassification,457,341,"[{""onset"": 75, ""channel"": ""x_pos"", ""rejection_threshold"": 0.072}]"
filter_misclassification/filter_misclassification_0016.csv,filter_misclassification,458,245,"[{""onset"": 98, ""channel"": ""x_pos"", ""rejection_threshold"": 0.0456}]"
filter_misclassification/filter_misclassification_0017.csv,filter_misclassification,459,95,"[{""onset"": 124, ""channel"": ""x_pos"", ""rejection_threshold"": 0.0494}]"
filter_misclassification/filter_misclassification_0018.csv,filter_misclassification,460,782,"[{""onset"": 38, ""channel"": ""x_pos"", ""rejection_threshold"": 0.0715}]"
filter_misclassification/filter_misclassification_0019.csv,filter_misclassification,461,147,"[{""onset"": 121, ""channel"": ""y_pos"", ""rejection_threshold"": 0.053}]"
filter_misclassification/filter_misclassification_0020.csv,filter_misclassification,462,100,"[{""onset"": 124, ""channel"": ""y_pos"", ""rejection_threshold"": 0.0521}]"
filter_misclassification/filter_misclassification_0021.csv,filter_misclassification,463,627,"[{""onset"": 128, ""channel"": ""y_pos"", ""rejection_threshold"": 0.0445}]"
filter_misclassification/filter_misclassification_0022.csv,filter_misclassification,464,148,"[{""onset"": 92, ""channel"": ""x_pos"", ""rejection_threshold"": 0.0535}]"
filter_misclassification/filter_misclassification_0023.csv,filter_misclassification,465,311,"[{""onset"": 126, ""channel"": ""x_pos"", ""rejection_threshold"": 0.0383}]"
filter_misclassification/filter_misclassification_0024.csv,filter_misclassification,466,89,"[{""onset"": 55, ""channel"": ""y_pos"", ""rejection_threshold"": 0.0456}]"
filter_misclassification/filter_misclassification_0025.csv,filter_misclassification,467,86,"[{""onset"": 89, ""channel"": ""x_pos"", ""rejection_threshold"": 0.0609}]"
filter_misclassification/filter_misclassification_0026.csv,filter_misclassification,468,109,"[{""onset"": 116, ""channel"": ""x_pos"", ""rejection_threshold"": 0.0754}]"
filter_misclassification/filter_misclassification_0027.csv,filter_misclassification,469,111,"[{""onset"": 87, ""channel"": ""x_pos"", ""rejection_threshold"": 0.0787}]"
filter_misclassification/filter_misclassification_0028.csv,filter_misclassification,470,81,"[{""onset"": 83, ""channel"": ""y_pos"", ""rejection_threshold"": 0.0358}]"
filter_misclassification/filter_misclassification_0029.csv,filter_misclassification,471,103,"[{""onset"": 76, ""channel"": ""x_pos"", ""rejection_threshold"": 0.0306}]"
filter_misclassification/filter_misclassification_0030.csv,filter_misclassification,472,77,"[{""onset"": 90, ""channel"": ""x_pos"", ""rejection_threshold"": 0.0542}]"
filter_misclassification/filter_misclassification_0031.csv,filter_misclassification,473,265,"[{""onset"": 114, ""channel"": ""x_pos"", ""rejection_threshold"": 0.0508}]"
filter_misclassification/filter_misclassification_0032.csv,filter_misclassification,474,171,"[{""onset"": 116, ""channel"": ""x_pos"", ""rejection_threshold"": 0.0492}]"
filter_misclassification/filter_misclassification_0033.csv,filter_misclassification,475,403,"[{""onset"": 42, ""channel"": ""x_pos"", ""rejection_threshold"": 0.0635}]"
filter_misclassification/filter_misclassification_0034.csv,filter_misclassification,476,173,"[{""onset"": 40, ""channel"": ""y_pos"", ""rejection_threshold"": 0.0519}]"
filter_misclassification/filter_misclassification_0035.csv,filter_misclassification,477,94,"[{""onset"": 120, ""channel"": ""y_pos"", ""rejection_threshold"": 0.0634}]"
filter_misclassification/filter_misclassification_0036.csv,filter_misclassification,478,549,"[{""onset"": 81, ""channel"": ""x_pos"", ""rejection_threshold"": 0.0472}]"
filter_misclassification/filter_misclassification_0037.csv,filter_misclassification,479,108,"[{""onset"": 62, ""channel"": ""y_pos"", ""rejection_threshold"": 0.0588}]"
filter_misclassification/filter_misclassification_0038.csv,filter_misclassification,480,183,"[{""onset"": 111, ""channel"": ""y_pos"", ""rejection_threshold"": 0.061}]"
filter_misclassification/filter_misclassification_0039.csv,filter_misclassification,481,83,"[{""onset"": 123, ""channel"": ""y_pos"", ""rejection_threshold"": 0.0636}]"
filter_misclassification/filter_misclassification_0040.csv,filter_misclassification,482,105,"[{""onset"": 109, ""channel"": ""x_pos"", ""rejection_threshold"": 0.0408}]"
filter_misclassification/filter_misclassification_0041.csv,filter_misclassification,483,225,"[{""onset"": 47, ""channel"": ""x_pos"", ""rejection_threshold"": 0.0459}]"
filter_misclassification/filter_misclassification_0042.csv,filter_misclassification,484,81,"[{""onset"": 42, ""channel"": ""y_pos"", ""rejection_threshold"": 0.0758}]"
filter_misclassification/filter_misclassification_0043.csv,filter_misclassification,485,144,"[{""onset"": 91, ""channel"": ""y_pos"", ""rejection_threshold"": 0.0492}]"
filter_misclassification/filter_misclassification_0044.csv,filter_misclassification,486,135,"[{""onset"": 117, ""channel"": ""x_pos"", ""rejection_threshold"": 0.0796}]"
filter_misclassification/filter_misclassification_0045.csv,filter_misclassification,487,160,"[{""onset"": 88, ""channel"": ""y_pos"", ""rejection_threshold"": 0.0416}]"
filter_misclassification/filter_misclassification_0046.csv,filter_misclassification,488,121,"[{""onset"": 38, ""channel"": ""y_pos"", ""rejection_threshold"": 0.0308}]"
filter_misclassification/filter_misclassification_0047.csv,filter_misclassification,489,163,"[{""onset"": 100, ""channel"": ""y_pos"", ""rejection_threshold"": 0.0711}]"
filter_misclassification/filter_misclassification_0048.csv,filter_misclassification,490,169,"[{""onset"": 66, ""channel"": ""y_pos"", ""rejection_threshold"": 0.046}]"
filter_misclassification/filter_misclassification_0049.csv,filter_misclassification,491,377,"[{""onset"": 113, ""channel"": ""x_pos"", ""rejection_threshold"": 0.0779}]"
measurement_delay/measurement_delay_0000.csv,measurement_delay,492,255,"[{""onset"": 95, ""channel"": ""angular_vel"", ""delay_steps"": 21}]"
measurement_delay/measurement_delay_0001.csv,measurement_delay,493,109,"[{""onset"": 123, ""channel"": ""angular_vel"", ""delay_steps"": 20}]"
measurement_delay/measurement_delay_0002.csv,measurement_delay,494,81,"[{""onset"": 126, ""channel"": ""y_vel"", ""delay_steps"": 16}]"
measurement_delay/measurement_delay_0003.csv,measurement_delay,495,97,"[{""onset"": 98, ""channel"": ""x_pos"", ""delay_steps"": 19}]"
measurement_delay/measurement_delay_0004.csv,measurement_delay,496,154,"[{""onset"": 129, ""channel"": ""y_pos"", ""delay_steps"": 18}]"
measurement_delay/measurement_delay_0005.csv,measurement_delay,497,228,"[{""onset"": 83, ""channel"": ""y_pos"", ""delay_steps"": 8}]"
measurement_delay/measurement_delay_0006.csv,measurement_delay,498,237,"[{""onset"": 114, ""channel"": ""x_vel"", ""delay_steps"": 14}]"
measurement_delay/measurement_delay_0007.csv,measurement_delay,499,93,"[{""onset"": 131, ""channel"": ""angle"", ""delay_steps"": 10}]"
measurement_delay/measurement_delay_0008.csv,measurement_delay,500,279,"[{""onset"": 93, ""channel"": ""y_vel"", ""delay_steps"": 13}]"
measurement_delay/measurement_delay_0009.csv,measurement_delay,501,196,"[{""onset"": 136, ""channel"": ""angular_vel"", ""delay_steps"": 13}]"
measurement_delay/measurement_delay_0010.csv,measurement_delay,502,277,"[{""onset"": 50, ""channel"": ""y_pos"", ""delay_steps"": 11}]"
measurement_delay/measurement_delay_0011.csv,measurement_delay,503,263,"[{""onset"": 78, ""channel"": ""y_pos"", ""delay_steps"": 19}]"
measurement_delay/measurement_delay_0012.csv,measurement_delay,504,169,"[{""onset"": 38, ""channel"": ""angular_vel"", ""delay_steps"": 5}]"
measurement_delay/measurement_delay_0013.csv,measurement_delay,505,164,"[{""onset"": 122, ""channel"": ""angle"", ""delay_steps"": 11}]"
measurement_delay/measurement_delay_0014.csv,measurement_delay,506,530,"[{""onset"": 67, ""channel"": ""y_vel"", ""delay_steps"": 14}]"
measurement_delay/measurement_delay_0015.csv,measurement_delay,507,331,"[{""onset"": 63, ""channel"": ""angle"", ""delay_steps"": 5}]"
measurement_delay/measurement_delay_0016.csv,measurement_delay,508,75,"[{""onset"": 121, ""channel"": ""y_vel"", ""delay_steps"": 9}]"
measurement_delay/measurement_delay_0017.csv,measurement_delay,509,128,"[{""onset"": 74, ""channel"": ""angular_vel"", ""delay_steps"": 15}]"
measurement_delay/measurement_delay_0018.csv,measurement_delay,510,264,"[{""onset"": 94, ""channel"": ""y_pos"", ""delay_steps"": 13}]"
measurement_delay/measurement_delay_0019.csv,measurement_delay,511,631,"[{""onset"": 131, ""channel"": ""angle"", ""delay_steps"": 20}]"
measurement_delay/measurement_delay_0020.csv,measurement_delay,512,362,"[{""onset"": 54, ""channel"": ""x_vel"", ""delay_steps"": 19}]"
measurement_delay/measurement_delay_0021.csv,measurement_delay,513,191,"[{""onset"": 75, ""channel"": ""angular_vel"", ""delay_steps"": 12}]"
measurement_delay/measurement_delay_0022.csv,measurement_delay,514,102,"[{""onset"": 104, ""channel"": ""angular_vel"", ""delay_steps"": 12}]"
measurement_delay/measurement_delay_0023.csv,measurement_delay,515,221,"[{""onset"": 102, ""channel"": ""x_pos"", ""delay_steps"": 24}]"
measurement_delay/measurement_delay_0024.csv,measurement_delay,516,76,"[{""onset"": 44, ""channel"": ""y_pos"", ""delay_steps"": 19}]"
measurement_delay/measurement_delay_0025.csv,measurement_delay,517,86,"[{""onset"": 115, ""channel"": ""y_vel"", ""delay_steps"": 18}]"
measurement_delay/measurement_delay_0026.csv,measurement_delay,518,84,"[{""onset"": 58, ""channel"": ""y_pos"", ""delay_steps"": 17}]"
measurement_delay/measurement_delay_0027.csv,measurement_delay,519,194,"[{""onset"": 53, ""channel"": ""angle"", ""delay_steps"": 11}]"
measurement_delay/measurement_delay_0028.csv,measurement_delay,520,273,"[{""onset"": 64, ""channel"": ""y_pos"", ""delay_steps"": 18}]"
measurement_delay/measurement_delay_0029.csv,measurement_delay,521,180,"[{""onset"": 116, ""channel"": ""x_pos"", ""delay_steps"": 21}]"
measurement_delay/measurement_delay_0030.csv,measurement_delay,522,507,"[{""onset"": 38, ""channel"": ""x_vel"", ""delay_steps"": 12}]"
measurement_delay/measurement_delay_0031.csv,measurement_delay,523,92,"[{""onset"": 37, ""channel"": ""y_pos"", ""delay_steps"": 18}]"
measurement_delay/measurement_delay_0032.csv,measurement_delay,524,86,"[{""onset"": 47, ""channel"": ""x_pos"", ""delay_steps"": 8}]"
measurement_delay/measurement_delay_0033.csv,measurement_delay,525,386,"[{""onset"": 111, ""channel"": ""angle"", ""delay_steps"": 19}]"
measurement_delay/measurement_delay_0034.csv,measurement_delay,526,352,"[{""onset"": 70, ""channel"": ""y_vel"", ""delay_steps"": 10}]"
measurement_delay/measurement_delay_0035.csv,measurement_delay,527,227,"[{""onset"": 88, ""channel"": ""angular_vel"", ""delay_steps"": 12}]"
measurement_delay/measurement_delay_0036.csv,measurement_delay,528,98,"[{""onset"": 125, ""channel"": ""x_pos"", ""delay_steps"": 11}]"
measurement_delay/measurement_delay_0037.csv,measurement_delay,529,75,"[{""onset"": 49, ""channel"": ""y_pos"", ""delay_steps"": 15}]"
measurement_delay/measurement_delay_0038.csv,measurement_delay,530,398,"[{""onset"": 99, ""channel"": ""y_pos"", ""delay_steps"": 19}]"
measurement_delay/measurement_delay_0039.csv,measurement_delay,531,191,"[{""onset"": 120, ""channel"": ""y_vel"", ""delay_steps"": 9}]"
measurement_delay/measurement_delay_0040.csv,measurement_delay,532,225,"[{""onset"": 53, ""channel"": ""angle"", ""delay_steps"": 19}]"
measurement_delay/measurement_delay_0041.csv,measurement_delay,533,94,"[{""onset"": 93, ""channel"": ""y_vel"", ""delay_steps"": 21}]"
measurement_delay/measurement_delay_0042.csv,measurement_delay,534,114,"[{""onset"": 85, ""channel"": ""angle"", ""delay_steps"": 5}]"
measurement_delay/measurement_delay_0043.csv,measurement_delay,535,155,"[{""onset"": 135, ""channel"": ""y_pos"", ""delay_steps"": 8}]"
measurement_delay/measurement_delay_0044.csv,measurement_delay,536,134,"[{""onset"": 57, ""channel"": ""angular_vel"", ""delay_steps"": 14}]"
measurement_delay/measurement_delay_0045.csv,measurement_delay,537,594,"[{""onset"": 72, ""channel"": ""y_pos"", ""delay_steps"": 21}]"
measurement_delay/measurement_delay_0046.csv,measurement_delay,538,357,"[{""onset"": 89, ""channel"": ""x_pos"", ""delay_steps"": 8}]"
measurement_delay/measurement_delay_0047.csv,measurement_delay,539,166,"[{""onset"": 38, ""channel"": ""y_pos"", ""delay_steps"": 18}]"
measurement_delay/measurement_delay_0048.csv,measurement_delay,540,108,"[{""onset"": 62, ""channel"": ""y_pos"", ""delay_steps"": 9}]"
measurement_delay/measurement_delay_0049.csv,measurement_delay,541,104,"[{""onset"": 110, ""channel"": ""x_vel"", ""delay_steps"": 6}]"
sensor_bias_drift/sensor_bias_drift_0000.csv,sensor_bias_drift,542,103,"[{""onset"": 134, ""channel"": ""angular_vel"", ""drift_rate"": -0.002739}]"
sensor_bias_drift/sensor_bias_drift_0001.csv,sensor_bias_drift,543,82,"[{""onset"": 83, ""channel"": ""angle"", ""drift_rate"": 0.002153}]"
sensor_bias_drift/sensor_bias_drift_0002.csv,sensor_bias_drift,544,221,"[{""onset"": 69, ""channel"": ""y_pos"", ""drift_rate"": -0.002703}]"
sensor_bias_drift/sensor_bias_drift_0003.csv,sensor_bias_drift,545,85,"[{""onset"": 57, ""channel"": ""x_vel"", ""drift_rate"": -0.002541}]"
sensor_bias_drift/sensor_bias_drift_0004.csv,sensor_bias_drift,546,256,"[{""onset"": 113, ""channel"": ""y_pos"", ""drift_rate"": -0.001781}]"
sensor_bias_drift/sensor_bias_drift_0005.csv,sensor_bias_drift,547,186,"[{""onset"": 40, ""channel"": ""y_pos"", ""drift_rate"": 0.002029}]"
sensor_bias_drift/sensor_bias_drift_0006.csv,sensor_bias_drift,548,239,"[{""onset"": 57, ""channel"": ""x_vel"", ""drift_rate"": -0.001981}]"
sensor_bias_drift/sensor_bias_drift_0007.csv,sensor_bias_drift,549,210,"[{""onset"": 44, ""channel"": ""x_vel"", ""drift_rate"": 0.001882}]"
sensor_bias_drift/sensor_bias_drift_0008.csv,sensor_bias_drift,550,172,"[{""onset"": 69, ""channel"": ""angular_vel"", ""drift_rate"": -0.00277}]"
sensor_bias_drift/sensor_bias_drift_0009.csv,sensor_bias_drift,551,82,"[{""onset"": 133, ""channel"": ""y_pos"", ""drift_rate"": 0.001047}]"
sensor_bias_drift/sensor_bias_drift_0010.csv,sensor_bias_drift,552,78,"[{""onset"": 49, ""channel"": ""x_pos"", ""drift_rate"": -0.001127}]"
sensor_bias_drift/sensor_bias_drift_0011.csv,sensor_bias_drift,553,1000,"[{""onset"": 107, ""channel"": ""y_vel"", ""drift_rate"": -0.002076}]"
sensor_bias_drift/sensor_bias_drift_0012.csv,sensor_bias_drift,554,79,"[{""onset"": 136, ""channel"": ""y_vel"", ""drift_rate"": -0.001572}]"
sensor_bias_drift/sensor_bias_drift_0013.csv,sensor_bias_drift,555,121,"[{""onset"": 58, ""channel"": ""x_vel"", ""drift_rate"": 0.000531}]"
sensor_bias_drift/sensor_bias_drift_0014.csv,sensor_bias_drift,556,143,"[{""onset"": 110, ""channel"": ""x_vel"", ""drift_rate"": 0.000828}]"
sensor_bias_drift/sensor_bias_drift_0015.csv,sensor_bias_drift,557,1000,"[{""onset"": 118, ""channel"": ""y_vel"", ""drift_rate"": -0.001482}]"
sensor_bias_drift/sensor_bias_drift_0016.csv,sensor_bias_drift,558,91,"[{""onset"": 102, ""channel"": ""x_vel"", ""drift_rate"": -0.000908}]"
sensor_bias_drift/sensor_bias_drift_0017.csv,sensor_bias_drift,559,269,"[{""onset"": 119, ""channel"": ""x_pos"", ""drift_rate"": 0.002386}]"
sensor_bias_drift/sensor_bias_drift_0018.csv,sensor_bias_drift,560,103,"[{""onset"": 84, ""channel"": ""angle"", ""drift_rate"": -0.000524}]"
sensor_bias_drift/sensor_bias_drift_0019.csv,sensor_bias_drift,561,83,"[{""onset"": 106, ""channel"": ""y_pos"", ""drift_rate"": 0.002493}]"
sensor_bias_drift/sensor_bias_drift_0020.csv,sensor_bias_drift,562,84,"[{""onset"": 101, ""channel"": ""y_pos"", ""drift_rate"": -0.000789}]"
sensor_bias_drift/sensor_bias_drift_0021.csv,sensor_bias_drift,563,91,"[{""onset"": 55, ""channel"": ""y_pos"", ""drift_rate"": 0.002763}]"
sensor_bias_drift/sensor_bias_drift_0022.csv,sensor_bias_drift,564,173,"[{""onset"": 103, ""channel"": ""x_pos"", ""drift_rate"": 0.00181}]"
sensor_bias_drift/sensor_bias_drift_0023.csv,sensor_bias_drift,565,194,"[{""onset"": 84, ""channel"": ""angle"", ""drift_rate"": 0.001889}]"
sensor_bias_drift/sensor_bias_drift_0024.csv,sensor_bias_drift,566,1000,"[{""onset"": 134, ""channel"": ""y_vel"", ""drift_rate"": -0.002537}]"
sensor_bias_drift/sensor_bias_drift_0025.csv,sensor_bias_drift,567,109,"[{""onset"": 102, ""channel"": ""y_pos"", ""drift_rate"": -0.002438}]"
sensor_bias_drift/sensor_bias_drift_0026.csv,sensor_bias_drift,568,331,"[{""onset"": 112, ""channel"": ""angle"", ""drift_rate"": 0.00286}]"
sensor_bias_drift/sensor_bias_drift_0027.csv,sensor_bias_drift,569,200,"[{""onset"": 117, ""channel"": ""y_pos"", ""drift_rate"": 0.000937}]"
sensor_bias_drift/sensor_bias_drift_0028.csv,sensor_bias_drift,570,376,"[{""onset"": 109, ""channel"": ""y_pos"", ""drift_rate"": -0.000542}]"
sensor_bias_drift/sensor_bias_drift_0029.csv,sensor_bias_drift,571,126,"[{""onset"": 106, ""channel"": ""angular_vel"", ""drift_rate"": 0.00171}]"
sensor_bias_drift/sensor_bias_drift_0030.csv,sensor_bias_drift,572,106,"[{""onset"": 97, ""channel"": ""y_vel"", ""drift_rate"": 0.001093}]"
sensor_bias_drift/sensor_bias_drift_0031.csv,sensor_bias_drift,573,251,"[{""onset"": 53, ""channel"": ""angle"", ""drift_rate"": -0.002895}]"
sensor_bias_drift/sensor_bias_drift_0032.csv,sensor_bias_drift,574,261,"[{""onset"": 88, ""channel"": ""y_pos"", ""drift_rate"": -0.002601}]"
sensor_bias_drift/sensor_bias_drift_0033.csv,sensor_bias_drift,575,274,"[{""onset"": 45, ""channel"": ""angular_vel"", ""drift_rate"": 0.001529}]"
sensor_bias_drift/sensor_bias_drift_0034.csv,sensor_bias_drift,576,286,"[{""onset"": 118, ""channel"": ""x_pos"", ""drift_rate"": 0.00265}]"
sensor_bias_drift/sensor_bias_drift_0035.csv,sensor_bias_drift,577,159,"[{""onset"": 102, ""channel"": ""x_vel"", ""drift_rate"": 0.000575}]"
sensor_bias_drift/sensor_bias_drift_0036.csv,sensor_bias_drift,578,88,"[{""onset"": 73, ""channel"": ""angle"", ""drift_rate"": 0.001027}]"
sensor_bias_drift/sensor_bias_drift_0037.csv,sensor_bias_drift,579,110,"[{""onset"": 62, ""channel"": ""angular_vel"", ""drift_rate"": -0.002856}]"
sensor_bias_drift/sensor_bias_drift_0038.csv,sensor_bias_drift,580,82,"[{""onset"": 41, ""channel"": ""y_pos"", ""drift_rate"": 0.00075}]"
sensor_bias_drift/sensor_bias_drift_0039.csv,sensor_bias_drift,581,101,"[{""onset"": 93, ""channel"": ""x_pos"", ""drift_rate"": 0.000589}]"
sensor_bias_drift/sensor_bias_drift_0040.csv,sensor_bias_drift,582,419,"[{""onset"": 60, ""channel"": ""angle"", ""drift_rate"": 0.000902}]"
sensor_bias_drift/sensor_bias_drift_0041.csv,sensor_bias_drift,583,199,"[{""onset"": 44, ""channel"": ""y_pos"", ""drift_rate"": 0.001341}]"
sensor_bias_drift/sensor_bias_drift_0042.csv,sensor_bias_drift,584,285,"[{""onset"": 131, ""channel"": ""y_pos"", ""drift_rate"": 0.001881}]"
sensor_bias_drift/sensor_bias_drift_0043.csv,sensor_bias_drift,585,90,"[{""onset"": 65, ""channel"": ""x_pos"", ""drift_rate"": -0.00296}]"
sensor_bias_drift/sensor_bias_drift_0044.csv,sensor_bias_drift,586,236,"[{""onset"": 61, ""channel"": ""angle"", ""drift_rate"": -0.001836}]"
sensor_bias_drift/sensor_bias_drift_0045.csv,sensor_bias_drift,587,349,"[{""onset"": 67, ""channel"": ""angular_vel"", ""drift_rate"": 0.000531}]"
sensor_bias_drift/sensor_bias_drift_0046.csv,sensor_bias_drift,588,889,"[{""onset"": 136, ""channel"": ""x_pos"", ""drift_rate"": 0.002985}]"
sensor_bias_drift/sensor_bias_drift_0047.csv,sensor_bias_drift,589,261,"[{""onset"": 101, ""channel"": ""x_vel"", ""drift_rate"": 0.001164}]"
sensor_bias_drift/sensor_bias_drift_0048.csv,sensor_bias_drift,590,246,"[{""onset"": 107, ""channel"": ""y_vel"", ""drift_rate"": 0.001154}]"
sensor_bias_drift/sensor_bias_drift_0049.csv,sensor_bias_drift,591,170,"[{""onset"": 67, ""channel"": ""x_pos"", ""drift_rate"": 0.001372}]"
noise_spike/noise_spike_0000.csv,noise_spike,592,87,"[{""onset"": 44, ""channel"": ""x_vel"", ""spike_magnitude"": 0.3542, ""spike_probability"": 0.0548}]"
noise_spike/noise_spike_0001.csv,noise_spike,593,202,"[{""onset"": 104, ""channel"": ""angular_vel"", ""spike_magnitude"": 1.0815, ""spike_probability"": 0.117}]"
noise_spike/noise_spike_0002.csv,noise_spike,594,424,"[{""onset"": 63, ""channel"": ""y_vel"", ""spike_magnitude"": 0.7055, ""spike_probability"": 0.0788}]"
noise_spike/noise_spike_0003.csv,noise_spike,595,113,"[{""onset"": 95, ""channel"": ""angular_vel"", ""spike_magnitude"": 1.1679, ""spike_probability"": 0.1176}]"
noise_spike/noise_spike_0004.csv,noise_spike,596,153,"[{""onset"": 101, ""channel"": ""angle"", ""spike_magnitude"": 0.5952, ""spike_probability"": 0.0965}]"
noise_spike/noise_spike_0005.csv,noise_spike,597,202,"[{""onset"": 112, ""channel"": ""angle"", ""spike_magnitude"": 0.8237, ""spike_probability"": 0.0673}]"
noise_spike/noise_spike_0006.csv,noise_spike,598,340,"[{""onset"": 135, ""channel"": ""x_pos"", ""spike_magnitude"": 1.1785, ""spike_probability"": 0.0544}]"
noise_spike/noise_spike_0007.csv,noise_spike,599,71,"[{""onset"": 107, ""channel"": ""angular_vel"", ""spike_magnitude"": 0.9424, ""spike_probability"": 0.0956}]"
noise_spike/noise_spike_0008.csv,noise_spike,600,165,"[{""onset"": 58, ""channel"": ""y_pos"", ""spike_magnitude"": 0.3049, ""spike_probability"": 0.1034}]"
noise_spike/noise_spike_0009.csv,noise_spike,601,240,"[{""onset"": 119, ""channel"": ""y_pos"", ""spike_magnitude"": 0.3025, ""spike_probability"": 0.0902}]"
noise_spike/noise_spike_0010.csv,noise_spike,602,319,"[{""onset"": 64, ""channel"": ""y_pos"", ""spike_magnitude"": 1.0986, ""spike_probability"": 0.1041}]"
noise_spike/noise_spike_0011.csv,noise_spike,603,186,"[{""onset"": 56, ""channel"": ""x_pos"", ""spike_magnitude"": 0.6424, ""spike_probability"": 0.0462}]"
noise_spike/noise_spike_0012.csv,noise_spike,604,100,"[{""onset"": 60, ""channel"": ""y_pos"", ""spike_magnitude"": 0.3059, ""spike_probability"": 0.0308}]"
noise_spike/noise_spike_0013.csv,noise_spike,605,169,"[{""onset"": 48, ""channel"": ""y_pos"", ""spike_magnitude"": 1.0444, ""spike_probability"": 0.0841}]"
noise_spike/noise_spike_0014.csv,noise_spike,606,189,"[{""onset"": 114, ""channel"": ""angle"", ""spike_magnitude"": 0.9584, ""spike_probability"": 0.0324}]"
noise_spike/noise_spike_0015.csv,noise_spike,607,178,"[{""onset"": 101, ""channel"": ""angular_vel"", ""spike_magnitude"": 0.8769, ""spike_probability"": 0.119}]"
noise_spike/noise_spike_0016.csv,noise_spike,608,248,"[{""onset"": 88, ""channel"": ""x_vel"", ""spike_magnitude"": 1.0191, ""spike_probability"": 0.0514}]"
noise_spike/noise_spike_0017.csv,noise_spike,609,73,"[{""onset"": 107, ""channel"": ""angular_vel"", ""spike_magnitude"": 0.4342, ""spike_probability"": 0.0829}]"
noise_spike/noise_spike_0018.csv,noise_spike,610,184,"[{""onset"": 71, ""channel"": ""x_vel"", ""spike_magnitude"": 0.6824, ""spike_probability"": 0.0316}]"
noise_spike/noise_spike_0019.csv,noise_spike,611,178,"[{""onset"": 108, ""channel"": ""angular_vel"", ""spike_magnitude"": 1.0258, ""spike_probability"": 0.0589}]"
noise_spike/noise_spike_0020.csv,noise_spike,612,226,"[{""onset"": 52, ""channel"": ""angle"", ""spike_magnitude"": 0.5779, ""spike_probability"": 0.088}]"
noise_spike/noise_spike_0021.csv,noise_spike,613,84,"[{""onset"": 120, ""channel"": ""x_vel"", ""spike_magnitude"": 1.0162, ""spike_probability"": 0.0981}]"
noise_spike/noise_spike_0022.csv,noise_spike,614,135,"[{""onset"": 44, ""channel"": ""angle"", ""spike_magnitude"": 0.3913, ""spike_probability"": 0.0786}]"
noise_spike/noise_spike_0023.csv,noise_spike,615,83,"[{""onset"": 136, ""channel"": ""angular_vel"", ""spike_magnitude"": 0.5883, ""spike_probability"": 0.0666}]"
noise_spike/noise_spike_0024.csv,noise_spike,616,249,"[{""onset"": 76, ""channel"": ""x_vel"", ""spike_magnitude"": 1.0791, ""spike_probability"": 0.0714}]"
noise_spike/noise_spike_0025.csv,noise_spike,617,86,"[{""onset"": 38, ""channel"": ""y_vel"", ""spike_magnitude"": 0.5095, ""spike_probability"": 0.0646}]"
noise_spike/noise_spike_0026.csv,noise_spike,618,183,"[{""onset"": 90, ""channel"": ""y_pos"", ""spike_magnitude"": 0.858, ""spike_probability"": 0.053}]"
noise_spike/noise_spike_0027.csv,noise_spike,619,81,"[{""onset"": 51, ""channel"": ""x_vel"", ""spike_magnitude"": 0.7431, ""spike_probability"": 0.1166}]"
noise_spike/noise_spike_0028.csv,noise_spike,620,200,"[{""onset"": 128, ""channel"": ""angular_vel"", ""spike_magnitude"": 0.7156, ""spike_probability"": 0.0758}]"
noise_spike/noise_spike_0029.csv,noise_spike,621,348,"[{""onset"": 88, ""channel"": ""y_pos"", ""spike_magnitude"": 0.749, ""spike_probability"": 0.1161}]"
noise_spike/noise_spike_0030.csv,noise_spike,622,113,"[{""onset"": 55, ""channel"": ""x_vel"", ""spike_magnitude"": 0.3504, ""spike_probability"": 0.0515}]"
noise_spike/noise_spike_0031.csv,noise_spike,623,83,"[{""onset"": 41, ""channel"": ""angle"", ""spike_magnitude"": 1.09, ""spike_probability"": 0.1184}]"
noise_spike/noise_spike_0032.csv,noise_spike,624,138,"[{""onset"": 40, ""channel"": ""y_pos"", ""spike_magnitude"": 0.374, ""spike_probability"": 0.0357}]"
noise_spike/noise_spike_0033.csv,noise_spike,625,209,"[{""onset"": 78, ""channel"": ""x_vel"", ""spike_magnitude"": 0.8054, ""spike_probability"": 0.0417}]"
noise_spike/noise_spike_0034.csv,noise_spike,626,248,"[{""onset"": 82, ""channel"": ""angle"", ""spike_magnitude"": 1.088, ""spike_probability"": 0.046}]"
noise_spike/noise_spike_0035.csv,noise_spike,627,119,"[{""onset"": 52, ""channel"": ""angular_vel"", ""spike_magnitude"": 0.7614, ""spike_probability"": 0.0802}]"
noise_spike/noise_spike_0036.csv,noise_spike,628,99,"[{""onset"": 134, ""channel"": ""x_pos"", ""spike_magnitude"": 0.8075, ""spike_probability"": 0.0426}]"
noise_spike/noise_spike_0037.csv,noise_spike,629,101,"[{""onset"": 125, ""channel"": ""angle"", ""spike_magnitude"": 0.3845, ""spike_probability"": 0.0888}]"
noise_spike/noise_spike_0038.csv,noise_spike,630,88,"[{""onset"": 93, ""channel"": ""x_vel"", ""spike_magnitude"": 0.3077, ""spike_probability"": 0.0396}]"
noise_spike/noise_spike_0039.csv,noise_spike,631,82,"[{""onset"": 124, ""channel"": ""y_pos"", ""spike_magnitude"": 0.4068, ""spike_probability"": 0.0606}]"
noise_spike/noise_spike_0040.csv,noise_spike,632,97,"[{""onset"": 45, ""channel"": ""x_vel"", ""spike_magnitude"": 0.7983, ""spike_probability"": 0.0715}]"
noise_spike/noise_spike_0041.csv,noise_spike,633,222,"[{""onset"": 45, ""channel"": ""y_vel"", ""spike_magnitude"": 0.997, ""spike_probability"": 0.0405}]"
noise_spike/noise_spike_0042.csv,noise_spike,634,207,"[{""onset"": 129, ""channel"": ""x_vel"", ""spike_magnitude"": 0.8157, ""spike_probability"": 0.047}]"
noise_spike/noise_spike_0043.csv,noise_spike,635,89,"[{""onset"": 125, ""channel"": ""angle"", ""spike_magnitude"": 0.6613, ""spike_probability"": 0.0994}]"
noise_spike/noise_spike_0044.csv,noise_spike,636,370,"[{""onset"": 74, ""channel"": ""y_pos"", ""spike_magnitude"": 0.3867, ""spike_probability"": 0.0386}]"
noise_spike/noise_spike_0045.csv,noise_spike,637,94,"[{""onset"": 75, ""channel"": ""x_pos"", ""spike_magnitude"": 0.4655, ""spike_probability"": 0.1198}]"
noise_spike/noise_spike_0046.csv,noise_spike,638,159,"[{""onset"": 67, ""channel"": ""angular_vel"", ""spike_magnitude"": 0.905, ""spike_probability"": 0.1011}]"
noise_spike/noise_spike_0047.csv,noise_spike,639,96,"[{""onset"": 128, ""channel"": ""angular_vel"", ""spike_magnitude"": 1.0574, ""spike_probability"": 0.0506}]"
noise_spike/noise_spike_0048.csv,noise_spike,640,140,"[{""onset"": 94, ""channel"": ""angular_vel"", ""spike_magnitude"": 0.7977, ""spike_probability"": 0.1138}]"
noise_spike/noise_spike_0049.csv,noise_spike,641,206,"[{""onset"": 44, ""channel"": ""angle"", ""spike_magnitude"": 1.1082, ""spike_probability"": 0.0982}]"
actuator_stuck/actuator_stuck_0000.csv,actuator_stuck,642,169,"[{""onset"": 60, ""stuck_action"": 2, ""description"": ""engine_always_on""}]"
actuator_stuck/actuator_stuck_0001.csv,actuator_stuck,643,104,"[{""onset"": 89, ""stuck_action"": 0, ""description"": ""engine_cut""}]"
actuator_stuck/actuator_stuck_0002.csv,actuator_stuck,644,175,"[{""onset"": 89, ""stuck_action"": 2, ""description"": ""engine_always_on""}]"
actuator_stuck/actuator_stuck_0003.csv,actuator_stuck,645,110,"[{""onset"": 49, ""stuck_action"": 2, ""description"": ""engine_always_on""}]"
actuator_stuck/actuator_stuck_0004.csv,actuator_stuck,646,109,"[{""onset"": 96, ""stuck_action"": 0, ""description"": ""engine_cut""}]"
actuator_stuck/actuator_stuck_0005.csv,actuator_stuck,647,168,"[{""onset"": 39, ""stuck_action"": 2, ""description"": ""engine_always_on""}]"
actuator_stuck/actuator_stuck_0006.csv,actuator_stuck,648,195,"[{""onset"": 44, ""stuck_action"": 2, ""description"": ""engine_always_on""}]"
actuator_stuck/actuator_stuck_0007.csv,actuator_stuck,649,200,"[{""onset"": 100, ""stuck_action"": 2, ""description"": ""engine_always_on""}]"
actuator_stuck/actuator_stuck_0008.csv,actuator_stuck,650,451,"[{""onset"": 136, ""stuck_action"": 0, ""description"": ""engine_cut""}]"
actuator_stuck/actuator_stuck_0009.csv,actuator_stuck,651,146,"[{""onset"": 126, ""stuck_action"": 0, ""description"": ""engine_cut""}]"
actuator_stuck/actuator_stuck_0010.csv,actuator_stuck,652,362,"[{""onset"": 90, ""stuck_action"": 2, ""description"": ""engine_always_on""}]"
actuator_stuck/actuator_stuck_0011.csv,actuator_stuck,653,75,"[{""onset"": 54, ""stuck_action"": 0, ""description"": ""engine_cut""}]"
actuator_stuck/actuator_stuck_0012.csv,actuator_stuck,654,77,"[{""onset"": 68, ""stuck_action"": 0, ""description"": ""engine_cut""}]"
actuator_stuck/actuator_stuck_0013.csv,actuator_stuck,655,69,"[{""onset"": 57, ""stuck_action"": 0, ""description"": ""engine_cut""}]"
actuator_stuck/actuator_stuck_0014.csv,actuator_stuck,656,75,"[{""onset"": 40, ""stuck_action"": 0, ""description"": ""engine_cut""}]"
actuator_stuck/actuator_stuck_0015.csv,actuator_stuck,657,123,"[{""onset"": 62, ""stuck_action"": 2, ""description"": ""engine_always_on""}]"
actuator_stuck/actuator_stuck_0016.csv,actuator_stuck,658,76,"[{""onset"": 83, ""stuck_action"": 0, ""description"": ""engine_cut""}]"
actuator_stuck/actuator_stuck_0017.csv,actuator_stuck,659,152,"[{""onset"": 135, ""stuck_action"": 0, ""description"": ""engine_cut""}]"
actuator_stuck/actuator_stuck_0018.csv,actuator_stuck,660,73,"[{""onset"": 78, ""stuck_action"": 0, ""description"": ""engine_cut""}]"
actuator_stuck/actuator_stuck_0019.csv,actuator_stuck,661,72,"[{""onset"": 38, ""stuck_action"": 0, ""description"": ""engine_cut""}]"
actuator_stuck/actuator_stuck_0020.csv,actuator_stuck,662,83,"[{""onset"": 75, ""stuck_action"": 0, ""description"": ""engine_cut""}]"
actuator_stuck/actuator_stuck_0021.csv,actuator_stuck,663,150,"[{""onset"": 130, ""stuck_action"": 0, ""description"": ""engine_cut""}]"
actuator_stuck/actuator_stuck_0022.csv,actuator_stuck,664,219,"[{""onset"": 100, ""stuck_action"": 2, ""description"": ""engine_always_on""}]"
actuator_stuck/actuator_stuck_0023.csv,actuator_stuck,665,132,"[{""onset"": 124, ""stuck_action"": 0, ""description"": ""engine_cut""}]"
actuator_stuck/actuator_stuck_0024.csv,actuator_stuck,666,110,"[{""onset"": 126, ""stuck_action"": 2, ""description"": ""engine_always_on""}]"
actuator_stuck/actuator_stuck_0025.csv,actuator_stuck,667,108,"[{""onset"": 91, ""stuck_action"": 0, ""description"": ""engine_cut""}]"
actuator_stuck/actuator_stuck_0026.csv,actuator_stuck,668,680,"[{""onset"": 97, ""stuck_action"": 0, ""description"": ""engine_cut""}]"
actuator_stuck/actuator_stuck_0027.csv,actuator_stuck,669,129,"[{""onset"": 124, ""stuck_action"": 0, ""description"": ""engine_cut""}]"
actuator_stuck/actuator_stuck_0028.csv,actuator_stuck,670,78,"[{""onset"": 69, ""stuck_action"": 0, ""description"": ""engine_cut""}]"
actuator_stuck/actuator_stuck_0029.csv,actuator_stuck,671,88,"[{""onset"": 64, ""stuck_action"": 0, ""description"": ""engine_cut""}]"
actuator_stuck/actuator_stuck_0030.csv,actuator_stuck,672,264,"[{""onset"": 124, ""stuck_action"": 2, ""description"": ""engine_always_on""}]"
actuator_stuck/actuator_stuck_0031.csv,actuator_stuck,673,94,"[{""onset"": 125, ""stuck_action"": 2, ""description"": ""engine_always_on""}]"
actuator_stuck/actuator_stuck_0032.csv,actuator_stuck,674,121,"[{""onset"": 103, ""stuck_action"": 0, ""description"": ""engine_cut""}]"
actuator_stuck/actuator_stuck_0033.csv,actuator_stuck,675,124,"[{""onset"": 103, ""stuck_action"": 0, ""description"": ""engine_cut""}]"
actuator_stuck/actuator_stuck_0034.csv,actuator_stuck,676,68,"[{""onset"": 39, ""stuck_action"": 0, ""description"": ""engine_cut""}]"
actuator_stuck/actuator_stuck_0035.csv,actuator_stuck,677,88,"[{""onset"": 67, ""stuck_action"": 0, ""description"": ""engine_cut""}]"
actuator_stuck/actuator_stuck_0036.csv,actuator_stuck,678,165,"[{""onset"": 101, ""stuck_action"": 0, ""description"": ""engine_cut""}]"
actuator_stuck/actuator_stuck_0037.csv,actuator_stuck,679,118,"[{""onset"": 102, ""stuck_action"": 0, ""description"": ""engine_cut""}]"
actuator_stuck/actuator_stuck_0038.csv,actuator_stuck,680,149,"[{""onset"": 131, ""stuck_action"": 0, ""description"": ""engine_cut""}]"
actuator_stuck/actuator_stuck_0039.csv,actuator_stuck,681,129,"[{""onset"": 104, ""stuck_action"": 0, ""description"": ""engine_cut""}]"
actuator_stuck/actuator_stuck_0040.csv,actuator_stuck,682,88,"[{""onset"": 115, ""stuck_action"": 0, ""description"": ""engine_cut""}]"
actuator_stuck/actuator_stuck_0041.csv,actuator_stuck,683,227,"[{""onset"": 135, ""stuck_action"": 2, ""description"": ""engine_always_on""}]"
actuator_stuck/actuator_stuck_0042.csv,actuator_stuck,684,111,"[{""onset"": 52, ""stuck_action"": 2, ""description"": ""engine_always_on""}]"
actuator_stuck/actuator_stuck_0043.csv,actuator_stuck,685,106,"[{""onset"": 126, ""stuck_action"": 2, ""description"": ""engine_always_on""}]"
actuator_stuck/actuator_stuck_0044.csv,actuator_stuck,686,217,"[{""onset"": 131, ""stuck_action"": 2, ""description"": ""engine_always_on""}]"
actuator_stuck/actuator_stuck_0045.csv,actuator_stuck,687,192,"[{""onset"": 117, ""stuck_action"": 0, ""description"": ""engine_cut""}]"
actuator_stuck/actuator_stuck_0046.csv,actuator_stuck,688,62,"[{""onset"": 41, ""stuck_action"": 0, ""description"": ""engine_cut""}]"
actuator_stuck/actuator_stuck_0047.csv,actuator_stuck,689,82,"[{""onset"": 66, ""stuck_action"": 0, ""description"": ""engine_cut""}]"
actuator_stuck/actuator_stuck_0048.csv,actuator_stuck,690,221,"[{""onset"": 105, ""stuck_action"": 2, ""description"": ""engine_always_on""}]"
actuator_stuck/actuator_stuck_0049.csv,actuator_stuck,691,192,"[{""onset"": 65, ""stuck_action"": 2, ""description"": ""engine_always_on""}]"
